﻿<?xml version="1.0" encoding="utf-8"?>
<Window size="300,300" sizebox="5,5,5,5">  
    <HorizontalLayout  bkcolor="#FFFFFFFF" bordersize="1" inset="1,1,1,1">  
        <Button width="50" bkcolor="#FFFFFF00" />  
        <!--插入一个控件占住间隔-->
        <Control width="10"/>  
        <Button width="50" bkcolor="#FFFF00FF" />  
        <Control width="10"/>  
        <Button width="50" bkcolor="#FF00FFFF" />  
        <!--使用padding控制间隔-->
        <Button width="50" padding="10,0,0,0" bkcolor="#FF123456" />  
    </HorizontalLayout>  
</Window>